"","redox_calib","Hydrobia_ulvae","Nereis_diversicolor"
"1",-857.4496075,0,2
"2",-834.0793275,0,1
"3",-811.22734,0,1
"4",-742.4829075,0,2
"5",-616.3022425,0,3
"6",-528.051165,135,0
"7",-451.7679325,1,0
"8",-317.81288,1,0
"9",-110.024705,98,0
"10",89.0467325,59,0
